SUBJECT	OBJECT	WEIGHT
http://be.dbpedia.org/resource/Фаедзіс	http://be.dbpedia.org/resource/%D0%A4%D0%B0%D0%B5%D0%B4%D0%B7%D1%96%D1%81	0
http://be.dbpedia.org/resource/Фаедзіс	http://bg.dbpedia.org/resource/Фаедис	0
http://be.dbpedia.org/resource/Фаедзіс	http://ca.dbpedia.org/resource/Faedis	0
http://be.dbpedia.org/resource/Фаедзіс	http://dbpedia.org/resource/Faedis	0
http://be.dbpedia.org/resource/Фаедзіс	http://de.dbpedia.org/resource/Faedis	0
http://be.dbpedia.org/resource/Фаедзіс	http://eo.dbpedia.org/resource/Faedis	0
http://be.dbpedia.org/resource/Фаедзіс	http://es.dbpedia.org/resource/Faedis	0
http://be.dbpedia.org/resource/Фаедзіс	http://fr.dbpedia.org/resource/Faedis	0
http://be.dbpedia.org/resource/Фаедзіс	http://ia.dbpedia.org/resource/Faedis	0
http://be.dbpedia.org/resource/Фаедзіс	http://id.dbpedia.org/resource/Faedis	0
http://be.dbpedia.org/resource/Фаедзіс	http://it.dbpedia.org/resource/Faedis	0
http://be.dbpedia.org/resource/Фаедзіс	http://ja.dbpedia.org/resource/ファエーディス	0
http://be.dbpedia.org/resource/Фаедзіс	http://kk.dbpedia.org/resource/Фаедис	0
http://be.dbpedia.org/resource/Фаедзіс	http://lmo.dbpedia.org/resource/Faedis	0
http://be.dbpedia.org/resource/Фаедзіс	http://ms.dbpedia.org/resource/Faedis	0
http://be.dbpedia.org/resource/Фаедзіс	http://nap.dbpedia.org/resource/Faedis	0
http://be.dbpedia.org/resource/Фаедзіс	http://nl.dbpedia.org/resource/Faedis	0
http://be.dbpedia.org/resource/Фаедзіс	http://pl.dbpedia.org/resource/Faedis	0
http://be.dbpedia.org/resource/Фаедзіс	http://pms.dbpedia.org/resource/Faedis	0
http://be.dbpedia.org/resource/Фаедзіс	http://pt.dbpedia.org/resource/Faedis	0
http://be.dbpedia.org/resource/Фаедзіс	http://ru.dbpedia.org/resource/Фаэдис	0
http://be.dbpedia.org/resource/Фаедзіс	http://scn.dbpedia.org/resource/Faedis	0
http://be.dbpedia.org/resource/Фаедзіс	http://sr.dbpedia.org/resource/Faedis,_Udine	0
http://be.dbpedia.org/resource/Фаедзіс	http://uk.dbpedia.org/resource/Фаедіс	0
http://be.dbpedia.org/resource/Фаедзіс	http://uz.dbpedia.org/resource/Faedis	0
http://be.dbpedia.org/resource/Фаедзіс	http://vi.dbpedia.org/resource/Faedis	0
http://be.dbpedia.org/resource/Фаедзіс	http://vo.dbpedia.org/resource/Faedis	0
http://be.dbpedia.org/resource/Фаедзіс	http://war.dbpedia.org/resource/Faedis	0
http://be.dbpedia.org/resource/Фаедзіс	http://www.wikidata.org/entity/Q53256	0
http://be.dbpedia.org/resource/Фаедзіс	http://zh.dbpedia.org/resource/法埃迪斯	0
http://bg.dbpedia.org/resource/Фаедис	http://be.dbpedia.org/resource/Фаедзіс	0
http://bg.dbpedia.org/resource/Фаедис	http://ca.dbpedia.org/resource/Faedis	0
http://bg.dbpedia.org/resource/Фаедис	http://dbpedia.org/resource/Faedis	0
http://bg.dbpedia.org/resource/Фаедис	http://de.dbpedia.org/resource/Faedis	0
http://bg.dbpedia.org/resource/Фаедис	http://eo.dbpedia.org/resource/Faedis	0
http://bg.dbpedia.org/resource/Фаедис	http://es.dbpedia.org/resource/Faedis	0
http://bg.dbpedia.org/resource/Фаедис	http://fr.dbpedia.org/resource/Faedis	0
http://bg.dbpedia.org/resource/Фаедис	http://id.dbpedia.org/resource/Faedis	0
http://bg.dbpedia.org/resource/Фаедис	http://it.dbpedia.org/resource/Faedis	0
http://bg.dbpedia.org/resource/Фаедис	http://ja.dbpedia.org/resource/ファエーディス	0
http://bg.dbpedia.org/resource/Фаедис	http://nl.dbpedia.org/resource/Faedis	0
http://bg.dbpedia.org/resource/Фаедис	http://pl.dbpedia.org/resource/Faedis	0
http://bg.dbpedia.org/resource/Фаедис	http://pt.dbpedia.org/resource/Faedis	0
http://bg.dbpedia.org/resource/Фаедис	http://ru.dbpedia.org/resource/Фаэдис	0
http://bg.dbpedia.org/resource/Фаедис	http://sr.dbpedia.org/resource/Faedis,_Udine	0
http://bg.dbpedia.org/resource/Фаедис	http://uk.dbpedia.org/resource/Фаедіс	0
http://bg.dbpedia.org/resource/Фаедис	http://zh.dbpedia.org/resource/法埃迪斯	0
http://ca.dbpedia.org/resource/Faedis	http://be.dbpedia.org/resource/Фаедзіс	0
http://ca.dbpedia.org/resource/Faedis	http://bg.dbpedia.org/resource/Фаедис	0
http://ca.dbpedia.org/resource/Faedis	http://dbpedia.org/resource/Faedis	3
http://ca.dbpedia.org/resource/Faedis	http://de.dbpedia.org/resource/Faedis	3
http://ca.dbpedia.org/resource/Faedis	http://eo.dbpedia.org/resource/Faedis	3
http://ca.dbpedia.org/resource/Faedis	http://es.dbpedia.org/resource/Faedis	3
http://ca.dbpedia.org/resource/Faedis	http://fr.dbpedia.org/resource/Faedis	3
http://ca.dbpedia.org/resource/Faedis	http://ia.dbpedia.org/resource/Faedis	2
http://ca.dbpedia.org/resource/Faedis	http://id.dbpedia.org/resource/Faedis	1
http://ca.dbpedia.org/resource/Faedis	http://it.dbpedia.org/resource/Faedis	3
http://ca.dbpedia.org/resource/Faedis	http://ja.dbpedia.org/resource/ファエーディス	0
http://ca.dbpedia.org/resource/Faedis	http://kk.dbpedia.org/resource/Фаедис	0
http://ca.dbpedia.org/resource/Faedis	http://lmo.dbpedia.org/resource/Faedis	2
http://ca.dbpedia.org/resource/Faedis	http://ms.dbpedia.org/resource/Faedis	1
http://ca.dbpedia.org/resource/Faedis	http://nap.dbpedia.org/resource/Faedis	2
http://ca.dbpedia.org/resource/Faedis	http://nl.dbpedia.org/resource/Faedis	3
http://ca.dbpedia.org/resource/Faedis	http://pl.dbpedia.org/resource/Faedis	3
http://ca.dbpedia.org/resource/Faedis	http://pms.dbpedia.org/resource/Faedis	2
http://ca.dbpedia.org/resource/Faedis	http://pt.dbpedia.org/resource/Faedis	3
http://ca.dbpedia.org/resource/Faedis	http://rdf.freebase.com/ns/m.0gk8wl	1
http://ca.dbpedia.org/resource/Faedis	http://ru.dbpedia.org/resource/Фаедис	0
http://ca.dbpedia.org/resource/Faedis	http://ru.dbpedia.org/resource/Фаэдис	0
http://ca.dbpedia.org/resource/Faedis	http://scn.dbpedia.org/resource/Faedis	1
http://ca.dbpedia.org/resource/Faedis	http://sr.dbpedia.org/resource/Faedis,_Udine	1
http://ca.dbpedia.org/resource/Faedis	http://uk.dbpedia.org/resource/Фаедіс	0
http://ca.dbpedia.org/resource/Faedis	http://uz.dbpedia.org/resource/Faedis	1
http://ca.dbpedia.org/resource/Faedis	http://vi.dbpedia.org/resource/Faedis	2
http://ca.dbpedia.org/resource/Faedis	http://vo.dbpedia.org/resource/Faedis	2
http://ca.dbpedia.org/resource/Faedis	http://war.dbpedia.org/resource/Faedis	2
http://ca.dbpedia.org/resource/Faedis	http://www.wikidata.org/entity/Q53256	1
http://ca.dbpedia.org/resource/Faedis	http://zh.dbpedia.org/resource/法埃迪斯	0
http://dbpedia.org/resource/Faedis	http://be.dbpedia.org/resource/Фаедзіс	0
http://dbpedia.org/resource/Faedis	http://bg.dbpedia.org/resource/Фаедис	0
http://dbpedia.org/resource/Faedis	http://ca.dbpedia.org/resource/Faedis	3
http://dbpedia.org/resource/Faedis	http://data.linkedopendata.it/scuole/resource/FAEDIS	2
http://dbpedia.org/resource/Faedis	http://de.dbpedia.org/resource/Faedis	5
http://dbpedia.org/resource/Faedis	http://eo.dbpedia.org/resource/Faedis	3
http://dbpedia.org/resource/Faedis	http://es.dbpedia.org/resource/Faedis	5
http://dbpedia.org/resource/Faedis	http://fr.dbpedia.org/resource/Faedis	5
http://dbpedia.org/resource/Faedis	http://ia.dbpedia.org/resource/Faedis	2
http://dbpedia.org/resource/Faedis	http://id.dbpedia.org/resource/Faedis	1
http://dbpedia.org/resource/Faedis	http://it.dbpedia.org/resource/Faedis	5
http://dbpedia.org/resource/Faedis	http://ja.dbpedia.org/resource/ファエーディス	0
http://dbpedia.org/resource/Faedis	http://kk.dbpedia.org/resource/Фаедис	0
http://dbpedia.org/resource/Faedis	http://lmo.dbpedia.org/resource/Faedis	2
http://dbpedia.org/resource/Faedis	http://ms.dbpedia.org/resource/Faedis	1
http://dbpedia.org/resource/Faedis	http://nap.dbpedia.org/resource/Faedis	2
http://dbpedia.org/resource/Faedis	http://nl.dbpedia.org/resource/Faedis	4
http://dbpedia.org/resource/Faedis	http://pl.dbpedia.org/resource/Faedis	5
http://dbpedia.org/resource/Faedis	http://pms.dbpedia.org/resource/Faedis	2
http://dbpedia.org/resource/Faedis	http://pt.dbpedia.org/resource/Faedis	5
http://dbpedia.org/resource/Faedis	http://rdf.freebase.com/ns/m.0gk8wl	3
http://dbpedia.org/resource/Faedis	http://ru.dbpedia.org/resource/Фаедис	0
http://dbpedia.org/resource/Faedis	http://ru.dbpedia.org/resource/Фаэдис	0
http://dbpedia.org/resource/Faedis	http://scn.dbpedia.org/resource/Faedis	1
http://dbpedia.org/resource/Faedis	http://sr.dbpedia.org/resource/Faedis,_Udine	1
http://dbpedia.org/resource/Faedis	http://sws.geonames.org/6538366/	4
http://dbpedia.org/resource/Faedis	http://uk.dbpedia.org/resource/Фаедіс	0
http://dbpedia.org/resource/Faedis	http://uz.dbpedia.org/resource/Faedis	1
http://dbpedia.org/resource/Faedis	http://vi.dbpedia.org/resource/Faedis	2
http://dbpedia.org/resource/Faedis	http://vo.dbpedia.org/resource/Faedis	2
http://dbpedia.org/resource/Faedis	http://war.dbpedia.org/resource/Faedis	2
http://dbpedia.org/resource/Faedis	http://wikidata.dbpedia.org/resource/Q53256	0
http://dbpedia.org/resource/Faedis	http://www.wikidata.org/entity/Q53256	2
http://dbpedia.org/resource/Faedis	http://zh.dbpedia.org/resource/法埃迪斯	0
http://dbpedia.org/resource/Faedis	http://gadm.geovocab.org/id/3_30189	1
http://dbpedia.org/resource/Faedis	http://la.dbpedia.org/resource/Fagete	0
http://dbpedia.org/resource/Faedis	http://linkedgeodata.org/triplify/node/66503391#id	3
http://dbpedia.org/resource/Faedis	http://rdf.freebase.com/ns/guid.9202a8c04000641f8000000000e8a372	1
http://dbpedia.org/resource/Faedis	http://rdf.freebase.com/ns/m/0gk8wl	0
http://dbpedia.org/resource/Faedis	http://wikidata.org/entity/Q53256	0
http://dbpedia.org/resource/Faedis	http://yago-knowledge.org/resource/Faedis	1
http://dbpedia.org/resource/Fojda	http://rdf.freebase.com/ns/guid.9202a8c04000641f8000000000e8a372	1
http://de.dbpedia.org/resource/Faedis	http://be.dbpedia.org/resource/Фаедзіс	0
http://de.dbpedia.org/resource/Faedis	http://bg.dbpedia.org/resource/Фаедис	0
http://de.dbpedia.org/resource/Faedis	http://ca.dbpedia.org/resource/Faedis	3
http://de.dbpedia.org/resource/Faedis	http://dbpedia.org/resource/Faedis	5
http://de.dbpedia.org/resource/Faedis	http://eo.dbpedia.org/resource/Faedis	3
http://de.dbpedia.org/resource/Faedis	http://es.dbpedia.org/resource/Faedis	5
http://de.dbpedia.org/resource/Faedis	http://fr.dbpedia.org/resource/Faedis	5
http://de.dbpedia.org/resource/Faedis	http://ia.dbpedia.org/resource/Faedis	2
http://de.dbpedia.org/resource/Faedis	http://id.dbpedia.org/resource/Faedis	1
http://de.dbpedia.org/resource/Faedis	http://it.dbpedia.org/resource/Faedis	5
http://de.dbpedia.org/resource/Faedis	http://ja.dbpedia.org/resource/ファエーディス	0
http://de.dbpedia.org/resource/Faedis	http://kk.dbpedia.org/resource/Фаедис	0
http://de.dbpedia.org/resource/Faedis	http://lmo.dbpedia.org/resource/Faedis	2
http://de.dbpedia.org/resource/Faedis	http://ms.dbpedia.org/resource/Faedis	1
http://de.dbpedia.org/resource/Faedis	http://nap.dbpedia.org/resource/Faedis	2
http://de.dbpedia.org/resource/Faedis	http://nl.dbpedia.org/resource/Faedis	4
http://de.dbpedia.org/resource/Faedis	http://pl.dbpedia.org/resource/Faedis	5
http://de.dbpedia.org/resource/Faedis	http://pms.dbpedia.org/resource/Faedis	2
http://de.dbpedia.org/resource/Faedis	http://pt.dbpedia.org/resource/Faedis	5
http://de.dbpedia.org/resource/Faedis	http://rdf.freebase.com/ns/m.0gk8wl	1
http://de.dbpedia.org/resource/Faedis	http://ru.dbpedia.org/resource/Фаедис	0
http://de.dbpedia.org/resource/Faedis	http://ru.dbpedia.org/resource/Фаэдис	0
http://de.dbpedia.org/resource/Faedis	http://scn.dbpedia.org/resource/Faedis	1
http://de.dbpedia.org/resource/Faedis	http://sr.dbpedia.org/resource/Faedis,_Udine	1
http://de.dbpedia.org/resource/Faedis	http://uk.dbpedia.org/resource/Фаедіс	0
http://de.dbpedia.org/resource/Faedis	http://uz.dbpedia.org/resource/Faedis	1
http://de.dbpedia.org/resource/Faedis	http://vi.dbpedia.org/resource/Faedis	2
http://de.dbpedia.org/resource/Faedis	http://vo.dbpedia.org/resource/Faedis	2
http://de.dbpedia.org/resource/Faedis	http://war.dbpedia.org/resource/Faedis	2
http://de.dbpedia.org/resource/Faedis	http://www.wikidata.org/entity/Q53256	2
http://de.dbpedia.org/resource/Faedis	http://zh.dbpedia.org/resource/法埃迪斯	0
http://eo.dbpedia.org/resource/Faedis	http://be.dbpedia.org/resource/Фаедзіс	0
http://eo.dbpedia.org/resource/Faedis	http://bg.dbpedia.org/resource/Фаедис	0
http://eo.dbpedia.org/resource/Faedis	http://ca.dbpedia.org/resource/Faedis	2
http://eo.dbpedia.org/resource/Faedis	http://dbpedia.org/resource/Faedis	2
http://eo.dbpedia.org/resource/Faedis	http://de.dbpedia.org/resource/Faedis	2
http://eo.dbpedia.org/resource/Faedis	http://es.dbpedia.org/resource/Faedis	2
http://eo.dbpedia.org/resource/Faedis	http://fr.dbpedia.org/resource/Faedis	2
http://eo.dbpedia.org/resource/Faedis	http://ia.dbpedia.org/resource/Faedis	1
http://eo.dbpedia.org/resource/Faedis	http://id.dbpedia.org/resource/Faedis	1
http://eo.dbpedia.org/resource/Faedis	http://it.dbpedia.org/resource/Faedis	2
http://eo.dbpedia.org/resource/Faedis	http://ja.dbpedia.org/resource/ファエーディス	0
http://eo.dbpedia.org/resource/Faedis	http://lmo.dbpedia.org/resource/Faedis	1
http://eo.dbpedia.org/resource/Faedis	http://nap.dbpedia.org/resource/Faedis	1
http://eo.dbpedia.org/resource/Faedis	http://nl.dbpedia.org/resource/Faedis	2
http://eo.dbpedia.org/resource/Faedis	http://pl.dbpedia.org/resource/Faedis	2
http://eo.dbpedia.org/resource/Faedis	http://pms.dbpedia.org/resource/Faedis	1
http://eo.dbpedia.org/resource/Faedis	http://pt.dbpedia.org/resource/Faedis	2
http://eo.dbpedia.org/resource/Faedis	http://ru.dbpedia.org/resource/Фаедис	0
http://eo.dbpedia.org/resource/Faedis	http://ru.dbpedia.org/resource/Фаэдис	0
http://eo.dbpedia.org/resource/Faedis	http://sr.dbpedia.org/resource/Faedis,_Udine	1
http://eo.dbpedia.org/resource/Faedis	http://uk.dbpedia.org/resource/Фаедіс	0
http://eo.dbpedia.org/resource/Faedis	http://vi.dbpedia.org/resource/Faedis	1
http://eo.dbpedia.org/resource/Faedis	http://vo.dbpedia.org/resource/Faedis	1
http://eo.dbpedia.org/resource/Faedis	http://war.dbpedia.org/resource/Faedis	1
http://eo.dbpedia.org/resource/Faedis	http://zh.dbpedia.org/resource/法埃迪斯	0
http://es.dbpedia.org/resource/Faedis	http://be.dbpedia.org/resource/Фаедзіс	0
http://es.dbpedia.org/resource/Faedis	http://bg.dbpedia.org/resource/Фаедис	0
http://es.dbpedia.org/resource/Faedis	http://ca.dbpedia.org/resource/Faedis	3
http://es.dbpedia.org/resource/Faedis	http://dbpedia.org/resource/Faedis	5
http://es.dbpedia.org/resource/Faedis	http://de.dbpedia.org/resource/Faedis	5
http://es.dbpedia.org/resource/Faedis	http://eo.dbpedia.org/resource/Faedis	3
http://es.dbpedia.org/resource/Faedis	http://fr.dbpedia.org/resource/Faedis	5
http://es.dbpedia.org/resource/Faedis	http://ia.dbpedia.org/resource/Faedis	2
http://es.dbpedia.org/resource/Faedis	http://id.dbpedia.org/resource/Faedis	1
http://es.dbpedia.org/resource/Faedis	http://it.dbpedia.org/resource/Faedis	5
http://es.dbpedia.org/resource/Faedis	http://ja.dbpedia.org/resource/ファエーディス	0
http://es.dbpedia.org/resource/Faedis	http://kk.dbpedia.org/resource/Фаедис	0
http://es.dbpedia.org/resource/Faedis	http://lmo.dbpedia.org/resource/Faedis	2
http://es.dbpedia.org/resource/Faedis	http://ms.dbpedia.org/resource/Faedis	1
http://es.dbpedia.org/resource/Faedis	http://nap.dbpedia.org/resource/Faedis	2
http://es.dbpedia.org/resource/Faedis	http://nl.dbpedia.org/resource/Faedis	4
http://es.dbpedia.org/resource/Faedis	http://pl.dbpedia.org/resource/Faedis	5
http://es.dbpedia.org/resource/Faedis	http://pms.dbpedia.org/resource/Faedis	2
http://es.dbpedia.org/resource/Faedis	http://pt.dbpedia.org/resource/Faedis	5
http://es.dbpedia.org/resource/Faedis	http://rdf.freebase.com/ns/m.0gk8wl	1
http://es.dbpedia.org/resource/Faedis	http://ru.dbpedia.org/resource/Фаедис	0
http://es.dbpedia.org/resource/Faedis	http://ru.dbpedia.org/resource/Фаэдис	0
http://es.dbpedia.org/resource/Faedis	http://scn.dbpedia.org/resource/Faedis	1
http://es.dbpedia.org/resource/Faedis	http://sr.dbpedia.org/resource/Faedis,_Udine	1
http://es.dbpedia.org/resource/Faedis	http://uk.dbpedia.org/resource/Фаедіс	0
http://es.dbpedia.org/resource/Faedis	http://uz.dbpedia.org/resource/Faedis	1
http://es.dbpedia.org/resource/Faedis	http://vi.dbpedia.org/resource/Faedis	2
http://es.dbpedia.org/resource/Faedis	http://vo.dbpedia.org/resource/Faedis	2
http://es.dbpedia.org/resource/Faedis	http://war.dbpedia.org/resource/Faedis	2
http://es.dbpedia.org/resource/Faedis	http://www.wikidata.org/entity/Q53256	2
http://es.dbpedia.org/resource/Faedis	http://zh.dbpedia.org/resource/法埃迪斯	0
http://fr.dbpedia.org/resource/Faedis	http://be.dbpedia.org/resource/Фаедзіс	0
http://fr.dbpedia.org/resource/Faedis	http://bg.dbpedia.org/resource/Фаедис	0
http://fr.dbpedia.org/resource/Faedis	http://ca.dbpedia.org/resource/Faedis	3
http://fr.dbpedia.org/resource/Faedis	http://dbpedia.org/resource/Faedis	5
http://fr.dbpedia.org/resource/Faedis	http://de.dbpedia.org/resource/Faedis	5
http://fr.dbpedia.org/resource/Faedis	http://eo.dbpedia.org/resource/Faedis	3
http://fr.dbpedia.org/resource/Faedis	http://es.dbpedia.org/resource/Faedis	5
http://fr.dbpedia.org/resource/Faedis	http://ia.dbpedia.org/resource/Faedis	2
http://fr.dbpedia.org/resource/Faedis	http://id.dbpedia.org/resource/Faedis	1
http://fr.dbpedia.org/resource/Faedis	http://it.dbpedia.org/resource/Faedis	5
http://fr.dbpedia.org/resource/Faedis	http://ja.dbpedia.org/resource/ファエーディス	0
http://fr.dbpedia.org/resource/Faedis	http://kk.dbpedia.org/resource/Фаедис	0
http://fr.dbpedia.org/resource/Faedis	http://lmo.dbpedia.org/resource/Faedis	2
http://fr.dbpedia.org/resource/Faedis	http://ms.dbpedia.org/resource/Faedis	1
http://fr.dbpedia.org/resource/Faedis	http://nap.dbpedia.org/resource/Faedis	2
http://fr.dbpedia.org/resource/Faedis	http://nl.dbpedia.org/resource/Faedis	4
http://fr.dbpedia.org/resource/Faedis	http://pl.dbpedia.org/resource/Faedis	5
http://fr.dbpedia.org/resource/Faedis	http://pms.dbpedia.org/resource/Faedis	2
http://fr.dbpedia.org/resource/Faedis	http://pt.dbpedia.org/resource/Faedis	5
http://fr.dbpedia.org/resource/Faedis	http://rdf.freebase.com/ns/m.0gk8wl	1
http://fr.dbpedia.org/resource/Faedis	http://ru.dbpedia.org/resource/Фаедис	0
http://fr.dbpedia.org/resource/Faedis	http://ru.dbpedia.org/resource/Фаэдис	0
http://fr.dbpedia.org/resource/Faedis	http://scn.dbpedia.org/resource/Faedis	1
http://fr.dbpedia.org/resource/Faedis	http://sr.dbpedia.org/resource/Faedis,_Udine	1
http://fr.dbpedia.org/resource/Faedis	http://uk.dbpedia.org/resource/Фаедіс	0
http://fr.dbpedia.org/resource/Faedis	http://uz.dbpedia.org/resource/Faedis	1
http://fr.dbpedia.org/resource/Faedis	http://vi.dbpedia.org/resource/Faedis	2
http://fr.dbpedia.org/resource/Faedis	http://vo.dbpedia.org/resource/Faedis	2
http://fr.dbpedia.org/resource/Faedis	http://war.dbpedia.org/resource/Faedis	2
http://fr.dbpedia.org/resource/Faedis	http://www.wikidata.org/entity/Q53256	2
http://fr.dbpedia.org/resource/Faedis	http://zh.dbpedia.org/resource/法埃迪斯	0
http://ia.dbpedia.org/resource/Faedis	http://be.dbpedia.org/resource/Фаедзіс	0
http://ia.dbpedia.org/resource/Faedis	http://ca.dbpedia.org/resource/Faedis	2
http://ia.dbpedia.org/resource/Faedis	http://dbpedia.org/resource/Faedis	2
http://ia.dbpedia.org/resource/Faedis	http://de.dbpedia.org/resource/Faedis	2
http://ia.dbpedia.org/resource/Faedis	http://eo.dbpedia.org/resource/Faedis	2
http://ia.dbpedia.org/resource/Faedis	http://es.dbpedia.org/resource/Faedis	2
http://ia.dbpedia.org/resource/Faedis	http://fr.dbpedia.org/resource/Faedis	2
http://ia.dbpedia.org/resource/Faedis	http://it.dbpedia.org/resource/Faedis	2
http://ia.dbpedia.org/resource/Faedis	http://ja.dbpedia.org/resource/ファエーディス	0
http://ia.dbpedia.org/resource/Faedis	http://kk.dbpedia.org/resource/Фаедис	0
http://ia.dbpedia.org/resource/Faedis	http://lmo.dbpedia.org/resource/Faedis	2
http://ia.dbpedia.org/resource/Faedis	http://ms.dbpedia.org/resource/Faedis	1
http://ia.dbpedia.org/resource/Faedis	http://nap.dbpedia.org/resource/Faedis	2
http://ia.dbpedia.org/resource/Faedis	http://nl.dbpedia.org/resource/Faedis	2
http://ia.dbpedia.org/resource/Faedis	http://pl.dbpedia.org/resource/Faedis	2
http://ia.dbpedia.org/resource/Faedis	http://pms.dbpedia.org/resource/Faedis	2
http://ia.dbpedia.org/resource/Faedis	http://pt.dbpedia.org/resource/Faedis	2
http://ia.dbpedia.org/resource/Faedis	http://ru.dbpedia.org/resource/Фаедис	0
http://ia.dbpedia.org/resource/Faedis	http://ru.dbpedia.org/resource/Фаэдис	0
http://ia.dbpedia.org/resource/Faedis	http://scn.dbpedia.org/resource/Faedis	1
http://ia.dbpedia.org/resource/Faedis	http://uk.dbpedia.org/resource/Фаедіс	0
http://ia.dbpedia.org/resource/Faedis	http://uz.dbpedia.org/resource/Faedis	1
http://ia.dbpedia.org/resource/Faedis	http://vi.dbpedia.org/resource/Faedis	2
http://ia.dbpedia.org/resource/Faedis	http://vo.dbpedia.org/resource/Faedis	2
http://ia.dbpedia.org/resource/Faedis	http://war.dbpedia.org/resource/Faedis	2
http://ia.dbpedia.org/resource/Faedis	http://www.wikidata.org/entity/Q53256	1
http://ia.dbpedia.org/resource/Faedis	http://zh.dbpedia.org/resource/法埃迪斯	0
http://id.dbpedia.org/resource/Faedis	http://be.dbpedia.org/resource/Фаедзіс	0
http://id.dbpedia.org/resource/Faedis	http://bg.dbpedia.org/resource/Фаедис	0
http://id.dbpedia.org/resource/Faedis	http://ca.dbpedia.org/resource/Faedis	1
http://id.dbpedia.org/resource/Faedis	http://dbpedia.org/resource/Faedis	1
http://id.dbpedia.org/resource/Faedis	http://de.dbpedia.org/resource/Faedis	1
http://id.dbpedia.org/resource/Faedis	http://eo.dbpedia.org/resource/Faedis	1
http://id.dbpedia.org/resource/Faedis	http://es.dbpedia.org/resource/Faedis	1
http://id.dbpedia.org/resource/Faedis	http://fr.dbpedia.org/resource/Faedis	1
http://id.dbpedia.org/resource/Faedis	http://it.dbpedia.org/resource/Faedis	1
http://id.dbpedia.org/resource/Faedis	http://ja.dbpedia.org/resource/ファエーディス	0
http://id.dbpedia.org/resource/Faedis	http://nl.dbpedia.org/resource/Faedis	1
http://id.dbpedia.org/resource/Faedis	http://pl.dbpedia.org/resource/Faedis	1
http://id.dbpedia.org/resource/Faedis	http://pt.dbpedia.org/resource/Faedis	1
http://id.dbpedia.org/resource/Faedis	http://ru.dbpedia.org/resource/Фаэдис	0
http://id.dbpedia.org/resource/Faedis	http://sr.dbpedia.org/resource/Faedis,_Udine	1
http://id.dbpedia.org/resource/Faedis	http://uk.dbpedia.org/resource/Фаедіс	0
http://id.dbpedia.org/resource/Faedis	http://zh.dbpedia.org/resource/法埃迪斯	0
http://it.dbpedia.org/resource/Faedis	http://be.dbpedia.org/resource/Фаедзіс	0
http://it.dbpedia.org/resource/Faedis	http://bg.dbpedia.org/resource/Фаедис	0
http://it.dbpedia.org/resource/Faedis	http://ca.dbpedia.org/resource/Faedis	3
http://it.dbpedia.org/resource/Faedis	http://dbpedia.org/resource/Faedis	5
http://it.dbpedia.org/resource/Faedis	http://de.dbpedia.org/resource/Faedis	5
http://it.dbpedia.org/resource/Faedis	http://eo.dbpedia.org/resource/Faedis	3
http://it.dbpedia.org/resource/Faedis	http://es.dbpedia.org/resource/Faedis	5
http://it.dbpedia.org/resource/Faedis	http://fr.dbpedia.org/resource/Faedis	5
http://it.dbpedia.org/resource/Faedis	http://ia.dbpedia.org/resource/Faedis	2
http://it.dbpedia.org/resource/Faedis	http://id.dbpedia.org/resource/Faedis	1
http://it.dbpedia.org/resource/Faedis	http://ja.dbpedia.org/resource/ファエーディス	0
http://it.dbpedia.org/resource/Faedis	http://kk.dbpedia.org/resource/Фаедис	0
http://it.dbpedia.org/resource/Faedis	http://lmo.dbpedia.org/resource/Faedis	2
http://it.dbpedia.org/resource/Faedis	http://ms.dbpedia.org/resource/Faedis	1
http://it.dbpedia.org/resource/Faedis	http://nap.dbpedia.org/resource/Faedis	2
http://it.dbpedia.org/resource/Faedis	http://nl.dbpedia.org/resource/Faedis	4
http://it.dbpedia.org/resource/Faedis	http://pl.dbpedia.org/resource/Faedis	5
http://it.dbpedia.org/resource/Faedis	http://pms.dbpedia.org/resource/Faedis	2
http://it.dbpedia.org/resource/Faedis	http://pt.dbpedia.org/resource/Faedis	5
http://it.dbpedia.org/resource/Faedis	http://rdf.freebase.com/ns/m.0gk8wl	1
http://it.dbpedia.org/resource/Faedis	http://ru.dbpedia.org/resource/Фаедис	0
http://it.dbpedia.org/resource/Faedis	http://ru.dbpedia.org/resource/Фаэдис	0
http://it.dbpedia.org/resource/Faedis	http://scn.dbpedia.org/resource/Faedis	1
http://it.dbpedia.org/resource/Faedis	http://sr.dbpedia.org/resource/Faedis,_Udine	1
http://it.dbpedia.org/resource/Faedis	http://uk.dbpedia.org/resource/Фаедіс	0
http://it.dbpedia.org/resource/Faedis	http://uz.dbpedia.org/resource/Faedis	1
http://it.dbpedia.org/resource/Faedis	http://vi.dbpedia.org/resource/Faedis	2
http://it.dbpedia.org/resource/Faedis	http://vo.dbpedia.org/resource/Faedis	2
http://it.dbpedia.org/resource/Faedis	http://war.dbpedia.org/resource/Faedis	2
http://it.dbpedia.org/resource/Faedis	http://www.wikidata.org/entity/Q53256	2
http://it.dbpedia.org/resource/Faedis	http://zh.dbpedia.org/resource/法埃迪斯	0
http://ja.dbpedia.org/resource/ファエーディス	http://be.dbpedia.org/resource/Фаедзіс	0
http://ja.dbpedia.org/resource/ファエーディス	http://bg.dbpedia.org/resource/Фаедис	0
http://ja.dbpedia.org/resource/ファエーディス	http://ca.dbpedia.org/resource/Faedis	0
http://ja.dbpedia.org/resource/ファエーディス	http://dbpedia.org/resource/Faedis	0
http://ja.dbpedia.org/resource/ファエーディス	http://de.dbpedia.org/resource/Faedis	0
http://ja.dbpedia.org/resource/ファエーディス	http://eo.dbpedia.org/resource/Faedis	0
http://ja.dbpedia.org/resource/ファエーディス	http://es.dbpedia.org/resource/Faedis	0
http://ja.dbpedia.org/resource/ファエーディス	http://fr.dbpedia.org/resource/Faedis	0
http://ja.dbpedia.org/resource/ファエーディス	http://ia.dbpedia.org/resource/Faedis	0
http://ja.dbpedia.org/resource/ファエーディス	http://id.dbpedia.org/resource/Faedis	0
http://ja.dbpedia.org/resource/ファエーディス	http://it.dbpedia.org/resource/Faedis	0
http://ja.dbpedia.org/resource/ファエーディス	http://ja.dbpedia.org/resource/%E3%83%95%E3%82%A1%E3%82%A8%E3%83%BC%E3%83%87%E3%82%A3%E3%82%B9	0
http://ja.dbpedia.org/resource/ファエーディス	http://kk.dbpedia.org/resource/Фаедис	0
http://ja.dbpedia.org/resource/ファエーディス	http://lmo.dbpedia.org/resource/Faedis	0
http://ja.dbpedia.org/resource/ファエーディス	http://ms.dbpedia.org/resource/Faedis	0
http://ja.dbpedia.org/resource/ファエーディス	http://nap.dbpedia.org/resource/Faedis	0
http://ja.dbpedia.org/resource/ファエーディス	http://nl.dbpedia.org/resource/Faedis	0
http://ja.dbpedia.org/resource/ファエーディス	http://pl.dbpedia.org/resource/Faedis	0
http://ja.dbpedia.org/resource/ファエーディス	http://pms.dbpedia.org/resource/Faedis	0
http://ja.dbpedia.org/resource/ファエーディス	http://pt.dbpedia.org/resource/Faedis	0
http://ja.dbpedia.org/resource/ファエーディス	http://rdf.freebase.com/ns/m.0gk8wl	0
http://ja.dbpedia.org/resource/ファエーディス	http://ru.dbpedia.org/resource/Фаедис	0
http://ja.dbpedia.org/resource/ファエーディス	http://ru.dbpedia.org/resource/Фаэдис	0
http://ja.dbpedia.org/resource/ファエーディス	http://scn.dbpedia.org/resource/Faedis	0
http://ja.dbpedia.org/resource/ファエーディス	http://sr.dbpedia.org/resource/Faedis,_Udine	0
http://ja.dbpedia.org/resource/ファエーディス	http://uk.dbpedia.org/resource/Фаедіс	0
http://ja.dbpedia.org/resource/ファエーディス	http://uz.dbpedia.org/resource/Faedis	0
http://ja.dbpedia.org/resource/ファエーディス	http://vi.dbpedia.org/resource/Faedis	0
http://ja.dbpedia.org/resource/ファエーディス	http://vo.dbpedia.org/resource/Faedis	0
http://ja.dbpedia.org/resource/ファエーディス	http://war.dbpedia.org/resource/Faedis	0
http://ja.dbpedia.org/resource/ファエーディス	http://www.wikidata.org/entity/Q53256	0
http://ja.dbpedia.org/resource/ファエーディス	http://zh.dbpedia.org/resource/法埃迪斯	0
http://kk.dbpedia.org/resource/Фаедис	http://be.dbpedia.org/resource/Фаедзіс	0
http://kk.dbpedia.org/resource/Фаедис	http://ca.dbpedia.org/resource/Faedis	0
http://kk.dbpedia.org/resource/Фаедис	http://dbpedia.org/resource/Faedis	0
http://kk.dbpedia.org/resource/Фаедис	http://de.dbpedia.org/resource/Faedis	0
http://kk.dbpedia.org/resource/Фаедис	http://eo.dbpedia.org/resource/Faedis	0
http://kk.dbpedia.org/resource/Фаедис	http://es.dbpedia.org/resource/Faedis	0
http://kk.dbpedia.org/resource/Фаедис	http://fr.dbpedia.org/resource/Faedis	0
http://kk.dbpedia.org/resource/Фаедис	http://ia.dbpedia.org/resource/Faedis	0
http://kk.dbpedia.org/resource/Фаедис	http://it.dbpedia.org/resource/Faedis	0
http://kk.dbpedia.org/resource/Фаедис	http://ja.dbpedia.org/resource/ファエーディス	0
http://kk.dbpedia.org/resource/Фаедис	http://kk.dbpedia.org/resource/%D0%A4%D0%B0%D0%B5%D0%B4%D0%B8%D1%81	0
http://kk.dbpedia.org/resource/Фаедис	http://lmo.dbpedia.org/resource/Faedis	0
http://kk.dbpedia.org/resource/Фаедис	http://ms.dbpedia.org/resource/Faedis	0
http://kk.dbpedia.org/resource/Фаедис	http://nap.dbpedia.org/resource/Faedis	0
http://kk.dbpedia.org/resource/Фаедис	http://nl.dbpedia.org/resource/Faedis	0
http://kk.dbpedia.org/resource/Фаедис	http://pl.dbpedia.org/resource/Faedis	0
http://kk.dbpedia.org/resource/Фаедис	http://pms.dbpedia.org/resource/Faedis	0
http://kk.dbpedia.org/resource/Фаедис	http://pt.dbpedia.org/resource/Faedis	0
http://kk.dbpedia.org/resource/Фаедис	http://ru.dbpedia.org/resource/Фаэдис	0
http://kk.dbpedia.org/resource/Фаедис	http://scn.dbpedia.org/resource/Faedis	0
http://kk.dbpedia.org/resource/Фаедис	http://uk.dbpedia.org/resource/Фаедіс	0
http://kk.dbpedia.org/resource/Фаедис	http://uz.dbpedia.org/resource/Faedis	0
http://kk.dbpedia.org/resource/Фаедис	http://vi.dbpedia.org/resource/Faedis	0
http://kk.dbpedia.org/resource/Фаедис	http://vo.dbpedia.org/resource/Faedis	0
http://kk.dbpedia.org/resource/Фаедис	http://war.dbpedia.org/resource/Faedis	0
http://kk.dbpedia.org/resource/Фаедис	http://www.wikidata.org/entity/Q53256	0
http://kk.dbpedia.org/resource/Фаедис	http://zh.dbpedia.org/resource/法埃迪斯	0
http://lmo.dbpedia.org/resource/Faedis	http://be.dbpedia.org/resource/Фаедзіс	0
http://lmo.dbpedia.org/resource/Faedis	http://ca.dbpedia.org/resource/Faedis	2
http://lmo.dbpedia.org/resource/Faedis	http://dbpedia.org/resource/Faedis	2
http://lmo.dbpedia.org/resource/Faedis	http://de.dbpedia.org/resource/Faedis	2
http://lmo.dbpedia.org/resource/Faedis	http://eo.dbpedia.org/resource/Faedis	2
http://lmo.dbpedia.org/resource/Faedis	http://es.dbpedia.org/resource/Faedis	2
http://lmo.dbpedia.org/resource/Faedis	http://fr.dbpedia.org/resource/Faedis	2
http://lmo.dbpedia.org/resource/Faedis	http://ia.dbpedia.org/resource/Faedis	2
http://lmo.dbpedia.org/resource/Faedis	http://it.dbpedia.org/resource/Faedis	2
http://lmo.dbpedia.org/resource/Faedis	http://ja.dbpedia.org/resource/ファエーディス	0
http://lmo.dbpedia.org/resource/Faedis	http://kk.dbpedia.org/resource/Фаедис	0
http://lmo.dbpedia.org/resource/Faedis	http://ms.dbpedia.org/resource/Faedis	1
http://lmo.dbpedia.org/resource/Faedis	http://nap.dbpedia.org/resource/Faedis	2
http://lmo.dbpedia.org/resource/Faedis	http://nl.dbpedia.org/resource/Faedis	2
http://lmo.dbpedia.org/resource/Faedis	http://pl.dbpedia.org/resource/Faedis	2
http://lmo.dbpedia.org/resource/Faedis	http://pms.dbpedia.org/resource/Faedis	2
http://lmo.dbpedia.org/resource/Faedis	http://pt.dbpedia.org/resource/Faedis	2
http://lmo.dbpedia.org/resource/Faedis	http://ru.dbpedia.org/resource/Фаедис	0
http://lmo.dbpedia.org/resource/Faedis	http://ru.dbpedia.org/resource/Фаэдис	0
http://lmo.dbpedia.org/resource/Faedis	http://scn.dbpedia.org/resource/Faedis	1
http://lmo.dbpedia.org/resource/Faedis	http://uk.dbpedia.org/resource/Фаедіс	0
http://lmo.dbpedia.org/resource/Faedis	http://uz.dbpedia.org/resource/Faedis	1
http://lmo.dbpedia.org/resource/Faedis	http://vi.dbpedia.org/resource/Faedis	2
http://lmo.dbpedia.org/resource/Faedis	http://vo.dbpedia.org/resource/Faedis	2
http://lmo.dbpedia.org/resource/Faedis	http://war.dbpedia.org/resource/Faedis	2
http://lmo.dbpedia.org/resource/Faedis	http://www.wikidata.org/entity/Q53256	1
http://lmo.dbpedia.org/resource/Faedis	http://zh.dbpedia.org/resource/法埃迪斯	0
http://mpii.de/yago/resource/Faedis	http://dbpedia.org/resource/Faedis	2
http://ms.dbpedia.org/resource/Faedis	http://be.dbpedia.org/resource/Фаедзіс	0
http://ms.dbpedia.org/resource/Faedis	http://ca.dbpedia.org/resource/Faedis	1
http://ms.dbpedia.org/resource/Faedis	http://dbpedia.org/resource/Faedis	1
http://ms.dbpedia.org/resource/Faedis	http://de.dbpedia.org/resource/Faedis	1
http://ms.dbpedia.org/resource/Faedis	http://eo.dbpedia.org/resource/Faedis	1
http://ms.dbpedia.org/resource/Faedis	http://es.dbpedia.org/resource/Faedis	1
http://ms.dbpedia.org/resource/Faedis	http://fr.dbpedia.org/resource/Faedis	1
http://ms.dbpedia.org/resource/Faedis	http://ia.dbpedia.org/resource/Faedis	1
http://ms.dbpedia.org/resource/Faedis	http://it.dbpedia.org/resource/Faedis	1
http://ms.dbpedia.org/resource/Faedis	http://ja.dbpedia.org/resource/ファエーディス	0
http://ms.dbpedia.org/resource/Faedis	http://kk.dbpedia.org/resource/Фаедис	0
http://ms.dbpedia.org/resource/Faedis	http://lmo.dbpedia.org/resource/Faedis	1
http://ms.dbpedia.org/resource/Faedis	http://nap.dbpedia.org/resource/Faedis	1
http://ms.dbpedia.org/resource/Faedis	http://nl.dbpedia.org/resource/Faedis	1
http://ms.dbpedia.org/resource/Faedis	http://pl.dbpedia.org/resource/Faedis	1
http://ms.dbpedia.org/resource/Faedis	http://pms.dbpedia.org/resource/Faedis	1
http://ms.dbpedia.org/resource/Faedis	http://pt.dbpedia.org/resource/Faedis	1
http://ms.dbpedia.org/resource/Faedis	http://rdf.freebase.com/ns/m.0gk8wl	1
http://ms.dbpedia.org/resource/Faedis	http://ru.dbpedia.org/resource/Фаэдис	0
http://ms.dbpedia.org/resource/Faedis	http://scn.dbpedia.org/resource/Faedis	1
http://ms.dbpedia.org/resource/Faedis	http://uk.dbpedia.org/resource/Фаедіс	0
http://ms.dbpedia.org/resource/Faedis	http://uz.dbpedia.org/resource/Faedis	1
http://ms.dbpedia.org/resource/Faedis	http://vi.dbpedia.org/resource/Faedis	1
http://ms.dbpedia.org/resource/Faedis	http://vo.dbpedia.org/resource/Faedis	1
http://ms.dbpedia.org/resource/Faedis	http://war.dbpedia.org/resource/Faedis	1
http://ms.dbpedia.org/resource/Faedis	http://www.wikidata.org/entity/Q53256	1
http://ms.dbpedia.org/resource/Faedis	http://zh.dbpedia.org/resource/法埃迪斯	0
http://musicbrainz.org/area/1a5526d1-1418-43d0-aa7d-639bc56a4575#_	http://dbpedia.org/resource/Faedis	2
http://nap.dbpedia.org/resource/Faedis	http://be.dbpedia.org/resource/Фаедзіс	0
http://nap.dbpedia.org/resource/Faedis	http://ca.dbpedia.org/resource/Faedis	2
http://nap.dbpedia.org/resource/Faedis	http://dbpedia.org/resource/Faedis	2
http://nap.dbpedia.org/resource/Faedis	http://de.dbpedia.org/resource/Faedis	2
http://nap.dbpedia.org/resource/Faedis	http://eo.dbpedia.org/resource/Faedis	2
http://nap.dbpedia.org/resource/Faedis	http://es.dbpedia.org/resource/Faedis	2
http://nap.dbpedia.org/resource/Faedis	http://fr.dbpedia.org/resource/Faedis	2
http://nap.dbpedia.org/resource/Faedis	http://ia.dbpedia.org/resource/Faedis	2
http://nap.dbpedia.org/resource/Faedis	http://it.dbpedia.org/resource/Faedis	2
http://nap.dbpedia.org/resource/Faedis	http://ja.dbpedia.org/resource/ファエーディス	0
http://nap.dbpedia.org/resource/Faedis	http://kk.dbpedia.org/resource/Фаедис	0
http://nap.dbpedia.org/resource/Faedis	http://lmo.dbpedia.org/resource/Faedis	2
http://nap.dbpedia.org/resource/Faedis	http://ms.dbpedia.org/resource/Faedis	1
http://nap.dbpedia.org/resource/Faedis	http://nl.dbpedia.org/resource/Faedis	2
http://nap.dbpedia.org/resource/Faedis	http://pl.dbpedia.org/resource/Faedis	2
http://nap.dbpedia.org/resource/Faedis	http://pms.dbpedia.org/resource/Faedis	2
http://nap.dbpedia.org/resource/Faedis	http://pt.dbpedia.org/resource/Faedis	2
http://nap.dbpedia.org/resource/Faedis	http://ru.dbpedia.org/resource/Фаедис	0
http://nap.dbpedia.org/resource/Faedis	http://ru.dbpedia.org/resource/Фаэдис	0
http://nap.dbpedia.org/resource/Faedis	http://scn.dbpedia.org/resource/Faedis	1
http://nap.dbpedia.org/resource/Faedis	http://uk.dbpedia.org/resource/Фаедіс	0
http://nap.dbpedia.org/resource/Faedis	http://uz.dbpedia.org/resource/Faedis	1
http://nap.dbpedia.org/resource/Faedis	http://vi.dbpedia.org/resource/Faedis	2
http://nap.dbpedia.org/resource/Faedis	http://vo.dbpedia.org/resource/Faedis	2
http://nap.dbpedia.org/resource/Faedis	http://war.dbpedia.org/resource/Faedis	2
http://nap.dbpedia.org/resource/Faedis	http://www.wikidata.org/entity/Q53256	1
http://nap.dbpedia.org/resource/Faedis	http://zh.dbpedia.org/resource/法埃迪斯	0
http://nl.dbpedia.org/resource/Faedis	http://be.dbpedia.org/resource/Фаедзіс	0
http://nl.dbpedia.org/resource/Faedis	http://bg.dbpedia.org/resource/Фаедис	0
http://nl.dbpedia.org/resource/Faedis	http://ca.dbpedia.org/resource/Faedis	3
http://nl.dbpedia.org/resource/Faedis	http://dbpedia.org/resource/Faedis	4
http://nl.dbpedia.org/resource/Faedis	http://de.dbpedia.org/resource/Faedis	4
http://nl.dbpedia.org/resource/Faedis	http://eo.dbpedia.org/resource/Faedis	3
http://nl.dbpedia.org/resource/Faedis	http://es.dbpedia.org/resource/Faedis	4
http://nl.dbpedia.org/resource/Faedis	http://fr.dbpedia.org/resource/Faedis	4
http://nl.dbpedia.org/resource/Faedis	http://ia.dbpedia.org/resource/Faedis	2
http://nl.dbpedia.org/resource/Faedis	http://id.dbpedia.org/resource/Faedis	1
http://nl.dbpedia.org/resource/Faedis	http://it.dbpedia.org/resource/Faedis	4
http://nl.dbpedia.org/resource/Faedis	http://ja.dbpedia.org/resource/ファエーディス	0
http://nl.dbpedia.org/resource/Faedis	http://kk.dbpedia.org/resource/Фаедис	0
http://nl.dbpedia.org/resource/Faedis	http://lmo.dbpedia.org/resource/Faedis	2
http://nl.dbpedia.org/resource/Faedis	http://ms.dbpedia.org/resource/Faedis	1
http://nl.dbpedia.org/resource/Faedis	http://nap.dbpedia.org/resource/Faedis	2
http://nl.dbpedia.org/resource/Faedis	http://pl.dbpedia.org/resource/Faedis	4
http://nl.dbpedia.org/resource/Faedis	http://pms.dbpedia.org/resource/Faedis	2
http://nl.dbpedia.org/resource/Faedis	http://pt.dbpedia.org/resource/Faedis	4
http://nl.dbpedia.org/resource/Faedis	http://rdf.freebase.com/ns/m.0gk8wl	1
http://nl.dbpedia.org/resource/Faedis	http://ru.dbpedia.org/resource/Фаедис	0
http://nl.dbpedia.org/resource/Faedis	http://ru.dbpedia.org/resource/Фаэдис	0
http://nl.dbpedia.org/resource/Faedis	http://scn.dbpedia.org/resource/Faedis	1
http://nl.dbpedia.org/resource/Faedis	http://sr.dbpedia.org/resource/Faedis,_Udine	1
http://nl.dbpedia.org/resource/Faedis	http://uk.dbpedia.org/resource/Фаедіс	0
http://nl.dbpedia.org/resource/Faedis	http://uz.dbpedia.org/resource/Faedis	1
http://nl.dbpedia.org/resource/Faedis	http://vi.dbpedia.org/resource/Faedis	2
http://nl.dbpedia.org/resource/Faedis	http://vo.dbpedia.org/resource/Faedis	2
http://nl.dbpedia.org/resource/Faedis	http://war.dbpedia.org/resource/Faedis	2
http://nl.dbpedia.org/resource/Faedis	http://www.wikidata.org/entity/Q53256	2
http://nl.dbpedia.org/resource/Faedis	http://zh.dbpedia.org/resource/法埃迪斯	0
http://pl.dbpedia.org/resource/Faedis	http://be.dbpedia.org/resource/Фаедзіс	0
http://pl.dbpedia.org/resource/Faedis	http://bg.dbpedia.org/resource/Фаедис	0
http://pl.dbpedia.org/resource/Faedis	http://ca.dbpedia.org/resource/Faedis	3
http://pl.dbpedia.org/resource/Faedis	http://dbpedia.org/resource/Faedis	5
http://pl.dbpedia.org/resource/Faedis	http://de.dbpedia.org/resource/Faedis	5
http://pl.dbpedia.org/resource/Faedis	http://eo.dbpedia.org/resource/Faedis	3
http://pl.dbpedia.org/resource/Faedis	http://es.dbpedia.org/resource/Faedis	5
http://pl.dbpedia.org/resource/Faedis	http://fr.dbpedia.org/resource/Faedis	5
http://pl.dbpedia.org/resource/Faedis	http://ia.dbpedia.org/resource/Faedis	2
http://pl.dbpedia.org/resource/Faedis	http://id.dbpedia.org/resource/Faedis	1
http://pl.dbpedia.org/resource/Faedis	http://it.dbpedia.org/resource/Faedis	5
http://pl.dbpedia.org/resource/Faedis	http://ja.dbpedia.org/resource/ファエーディス	0
http://pl.dbpedia.org/resource/Faedis	http://kk.dbpedia.org/resource/Фаедис	0
http://pl.dbpedia.org/resource/Faedis	http://lmo.dbpedia.org/resource/Faedis	2
http://pl.dbpedia.org/resource/Faedis	http://ms.dbpedia.org/resource/Faedis	1
http://pl.dbpedia.org/resource/Faedis	http://nap.dbpedia.org/resource/Faedis	2
http://pl.dbpedia.org/resource/Faedis	http://nl.dbpedia.org/resource/Faedis	4
http://pl.dbpedia.org/resource/Faedis	http://pms.dbpedia.org/resource/Faedis	2
http://pl.dbpedia.org/resource/Faedis	http://pt.dbpedia.org/resource/Faedis	5
http://pl.dbpedia.org/resource/Faedis	http://rdf.freebase.com/ns/m.0gk8wl	1
http://pl.dbpedia.org/resource/Faedis	http://ru.dbpedia.org/resource/Фаедис	0
http://pl.dbpedia.org/resource/Faedis	http://ru.dbpedia.org/resource/Фаэдис	0
http://pl.dbpedia.org/resource/Faedis	http://scn.dbpedia.org/resource/Faedis	1
http://pl.dbpedia.org/resource/Faedis	http://sr.dbpedia.org/resource/Faedis,_Udine	1
http://pl.dbpedia.org/resource/Faedis	http://uk.dbpedia.org/resource/Фаедіс	0
http://pl.dbpedia.org/resource/Faedis	http://uz.dbpedia.org/resource/Faedis	1
http://pl.dbpedia.org/resource/Faedis	http://vi.dbpedia.org/resource/Faedis	2
http://pl.dbpedia.org/resource/Faedis	http://vo.dbpedia.org/resource/Faedis	2
http://pl.dbpedia.org/resource/Faedis	http://war.dbpedia.org/resource/Faedis	2
http://pl.dbpedia.org/resource/Faedis	http://www.wikidata.org/entity/Q53256	2
http://pl.dbpedia.org/resource/Faedis	http://zh.dbpedia.org/resource/法埃迪斯	0
http://pms.dbpedia.org/resource/Faedis	http://be.dbpedia.org/resource/Фаедзіс	0
http://pms.dbpedia.org/resource/Faedis	http://ca.dbpedia.org/resource/Faedis	2
http://pms.dbpedia.org/resource/Faedis	http://dbpedia.org/resource/Faedis	2
http://pms.dbpedia.org/resource/Faedis	http://de.dbpedia.org/resource/Faedis	2
http://pms.dbpedia.org/resource/Faedis	http://eo.dbpedia.org/resource/Faedis	2
http://pms.dbpedia.org/resource/Faedis	http://es.dbpedia.org/resource/Faedis	2
http://pms.dbpedia.org/resource/Faedis	http://fr.dbpedia.org/resource/Faedis	2
http://pms.dbpedia.org/resource/Faedis	http://ia.dbpedia.org/resource/Faedis	2
http://pms.dbpedia.org/resource/Faedis	http://it.dbpedia.org/resource/Faedis	2
http://pms.dbpedia.org/resource/Faedis	http://ja.dbpedia.org/resource/ファエーディス	0
http://pms.dbpedia.org/resource/Faedis	http://kk.dbpedia.org/resource/Фаедис	0
http://pms.dbpedia.org/resource/Faedis	http://lmo.dbpedia.org/resource/Faedis	2
http://pms.dbpedia.org/resource/Faedis	http://ms.dbpedia.org/resource/Faedis	1
http://pms.dbpedia.org/resource/Faedis	http://nap.dbpedia.org/resource/Faedis	2
http://pms.dbpedia.org/resource/Faedis	http://nl.dbpedia.org/resource/Faedis	2
http://pms.dbpedia.org/resource/Faedis	http://pl.dbpedia.org/resource/Faedis	2
http://pms.dbpedia.org/resource/Faedis	http://pt.dbpedia.org/resource/Faedis	2
http://pms.dbpedia.org/resource/Faedis	http://ru.dbpedia.org/resource/Фаедис	0
http://pms.dbpedia.org/resource/Faedis	http://ru.dbpedia.org/resource/Фаэдис	0
http://pms.dbpedia.org/resource/Faedis	http://scn.dbpedia.org/resource/Faedis	1
http://pms.dbpedia.org/resource/Faedis	http://uk.dbpedia.org/resource/Фаедіс	0
http://pms.dbpedia.org/resource/Faedis	http://uz.dbpedia.org/resource/Faedis	1
http://pms.dbpedia.org/resource/Faedis	http://vi.dbpedia.org/resource/Faedis	2
http://pms.dbpedia.org/resource/Faedis	http://vo.dbpedia.org/resource/Faedis	2
http://pms.dbpedia.org/resource/Faedis	http://war.dbpedia.org/resource/Faedis	2
http://pms.dbpedia.org/resource/Faedis	http://www.wikidata.org/entity/Q53256	1
http://pms.dbpedia.org/resource/Faedis	http://zh.dbpedia.org/resource/法埃迪斯	0
http://pt.dbpedia.org/resource/Faedis	http://be.dbpedia.org/resource/Фаедзіс	0
http://pt.dbpedia.org/resource/Faedis	http://bg.dbpedia.org/resource/Фаедис	0
http://pt.dbpedia.org/resource/Faedis	http://ca.dbpedia.org/resource/Faedis	3
http://pt.dbpedia.org/resource/Faedis	http://dbpedia.org/resource/Faedis	5
http://pt.dbpedia.org/resource/Faedis	http://de.dbpedia.org/resource/Faedis	5
http://pt.dbpedia.org/resource/Faedis	http://eo.dbpedia.org/resource/Faedis	3
http://pt.dbpedia.org/resource/Faedis	http://es.dbpedia.org/resource/Faedis	5
http://pt.dbpedia.org/resource/Faedis	http://fr.dbpedia.org/resource/Faedis	5
http://pt.dbpedia.org/resource/Faedis	http://ia.dbpedia.org/resource/Faedis	2
http://pt.dbpedia.org/resource/Faedis	http://id.dbpedia.org/resource/Faedis	1
http://pt.dbpedia.org/resource/Faedis	http://it.dbpedia.org/resource/Faedis	5
http://pt.dbpedia.org/resource/Faedis	http://ja.dbpedia.org/resource/ファエーディス	0
http://pt.dbpedia.org/resource/Faedis	http://kk.dbpedia.org/resource/Фаедис	0
http://pt.dbpedia.org/resource/Faedis	http://lmo.dbpedia.org/resource/Faedis	2
http://pt.dbpedia.org/resource/Faedis	http://ms.dbpedia.org/resource/Faedis	1
http://pt.dbpedia.org/resource/Faedis	http://nap.dbpedia.org/resource/Faedis	2
http://pt.dbpedia.org/resource/Faedis	http://nl.dbpedia.org/resource/Faedis	4
http://pt.dbpedia.org/resource/Faedis	http://pl.dbpedia.org/resource/Faedis	5
http://pt.dbpedia.org/resource/Faedis	http://pms.dbpedia.org/resource/Faedis	2
http://pt.dbpedia.org/resource/Faedis	http://rdf.freebase.com/ns/m.0gk8wl	1
http://pt.dbpedia.org/resource/Faedis	http://ru.dbpedia.org/resource/Фаедис	0
http://pt.dbpedia.org/resource/Faedis	http://ru.dbpedia.org/resource/Фаэдис	0
http://pt.dbpedia.org/resource/Faedis	http://scn.dbpedia.org/resource/Faedis	1
http://pt.dbpedia.org/resource/Faedis	http://sr.dbpedia.org/resource/Faedis,_Udine	1
http://pt.dbpedia.org/resource/Faedis	http://uk.dbpedia.org/resource/Фаедіс	0
http://pt.dbpedia.org/resource/Faedis	http://uz.dbpedia.org/resource/Faedis	1
http://pt.dbpedia.org/resource/Faedis	http://vi.dbpedia.org/resource/Faedis	2
http://pt.dbpedia.org/resource/Faedis	http://vo.dbpedia.org/resource/Faedis	2
http://pt.dbpedia.org/resource/Faedis	http://war.dbpedia.org/resource/Faedis	2
http://pt.dbpedia.org/resource/Faedis	http://www.wikidata.org/entity/Q53256	2
http://pt.dbpedia.org/resource/Faedis	http://zh.dbpedia.org/resource/法埃迪斯	0
http://rdf.freebase.com/ns/m.0gk8wl	http://www.wikidata.org/entity/Q53256	1
http://ru.dbpedia.org/resource/Фаедис	http://ca.dbpedia.org/resource/Faedis	0
http://ru.dbpedia.org/resource/Фаедис	http://dbpedia.org/resource/Faedis	0
http://ru.dbpedia.org/resource/Фаедис	http://de.dbpedia.org/resource/Faedis	0
http://ru.dbpedia.org/resource/Фаедис	http://eo.dbpedia.org/resource/Faedis	0
http://ru.dbpedia.org/resource/Фаедис	http://es.dbpedia.org/resource/Faedis	0
http://ru.dbpedia.org/resource/Фаедис	http://fr.dbpedia.org/resource/Faedis	0
http://ru.dbpedia.org/resource/Фаедис	http://ia.dbpedia.org/resource/Faedis	0
http://ru.dbpedia.org/resource/Фаедис	http://it.dbpedia.org/resource/Faedis	0
http://ru.dbpedia.org/resource/Фаедис	http://ja.dbpedia.org/resource/ファエーディス	0
http://ru.dbpedia.org/resource/Фаедис	http://lmo.dbpedia.org/resource/Faedis	0
http://ru.dbpedia.org/resource/Фаедис	http://nap.dbpedia.org/resource/Faedis	0
http://ru.dbpedia.org/resource/Фаедис	http://nl.dbpedia.org/resource/Faedis	0
http://ru.dbpedia.org/resource/Фаедис	http://pl.dbpedia.org/resource/Faedis	0
http://ru.dbpedia.org/resource/Фаедис	http://pms.dbpedia.org/resource/Faedis	0
http://ru.dbpedia.org/resource/Фаедис	http://pt.dbpedia.org/resource/Faedis	0
http://ru.dbpedia.org/resource/Фаедис	http://rdf.freebase.com/ns/m.0gk8wl	0
http://ru.dbpedia.org/resource/Фаедис	http://ru.dbpedia.org/resource/%D0%A4%D0%B0%D0%B5%D0%B4%D0%B8%D1%81	0
http://ru.dbpedia.org/resource/Фаедис	http://uk.dbpedia.org/resource/Фаедіс	0
http://ru.dbpedia.org/resource/Фаедис	http://vi.dbpedia.org/resource/Faedis	0
http://ru.dbpedia.org/resource/Фаедис	http://vo.dbpedia.org/resource/Faedis	0
http://ru.dbpedia.org/resource/Фаедис	http://war.dbpedia.org/resource/Faedis	0
http://ru.dbpedia.org/resource/Фаэдис	http://be.dbpedia.org/resource/Фаедзіс	0
http://ru.dbpedia.org/resource/Фаэдис	http://bg.dbpedia.org/resource/Фаедис	0
http://ru.dbpedia.org/resource/Фаэдис	http://ca.dbpedia.org/resource/Faedis	0
http://ru.dbpedia.org/resource/Фаэдис	http://dbpedia.org/resource/Faedis	0
http://ru.dbpedia.org/resource/Фаэдис	http://de.dbpedia.org/resource/Faedis	0
http://ru.dbpedia.org/resource/Фаэдис	http://eo.dbpedia.org/resource/Faedis	0
http://ru.dbpedia.org/resource/Фаэдис	http://es.dbpedia.org/resource/Faedis	0
http://ru.dbpedia.org/resource/Фаэдис	http://fr.dbpedia.org/resource/Faedis	0
http://ru.dbpedia.org/resource/Фаэдис	http://ia.dbpedia.org/resource/Faedis	0
http://ru.dbpedia.org/resource/Фаэдис	http://id.dbpedia.org/resource/Faedis	0
http://ru.dbpedia.org/resource/Фаэдис	http://it.dbpedia.org/resource/Faedis	0
http://ru.dbpedia.org/resource/Фаэдис	http://ja.dbpedia.org/resource/ファエーディス	0
http://ru.dbpedia.org/resource/Фаэдис	http://kk.dbpedia.org/resource/Фаедис	0
http://ru.dbpedia.org/resource/Фаэдис	http://lmo.dbpedia.org/resource/Faedis	0
http://ru.dbpedia.org/resource/Фаэдис	http://ms.dbpedia.org/resource/Faedis	0
http://ru.dbpedia.org/resource/Фаэдис	http://nap.dbpedia.org/resource/Faedis	0
http://ru.dbpedia.org/resource/Фаэдис	http://nl.dbpedia.org/resource/Faedis	0
http://ru.dbpedia.org/resource/Фаэдис	http://pl.dbpedia.org/resource/Faedis	0
http://ru.dbpedia.org/resource/Фаэдис	http://pms.dbpedia.org/resource/Faedis	0
http://ru.dbpedia.org/resource/Фаэдис	http://pt.dbpedia.org/resource/Faedis	0
http://ru.dbpedia.org/resource/Фаэдис	http://scn.dbpedia.org/resource/Faedis	0
http://ru.dbpedia.org/resource/Фаэдис	http://sr.dbpedia.org/resource/Faedis,_Udine	0
http://ru.dbpedia.org/resource/Фаэдис	http://uk.dbpedia.org/resource/Фаедіс	0
http://ru.dbpedia.org/resource/Фаэдис	http://uz.dbpedia.org/resource/Faedis	0
http://ru.dbpedia.org/resource/Фаэдис	http://vi.dbpedia.org/resource/Faedis	0
http://ru.dbpedia.org/resource/Фаэдис	http://vo.dbpedia.org/resource/Faedis	0
http://ru.dbpedia.org/resource/Фаэдис	http://war.dbpedia.org/resource/Faedis	0
http://ru.dbpedia.org/resource/Фаэдис	http://www.wikidata.org/entity/Q53256	0
http://ru.dbpedia.org/resource/Фаэдис	http://zh.dbpedia.org/resource/法埃迪斯	0
http://scn.dbpedia.org/resource/Faedis	http://be.dbpedia.org/resource/Фаедзіс	0
http://scn.dbpedia.org/resource/Faedis	http://ca.dbpedia.org/resource/Faedis	1
http://scn.dbpedia.org/resource/Faedis	http://dbpedia.org/resource/Faedis	1
http://scn.dbpedia.org/resource/Faedis	http://de.dbpedia.org/resource/Faedis	1
http://scn.dbpedia.org/resource/Faedis	http://eo.dbpedia.org/resource/Faedis	1
http://scn.dbpedia.org/resource/Faedis	http://es.dbpedia.org/resource/Faedis	1
http://scn.dbpedia.org/resource/Faedis	http://fr.dbpedia.org/resource/Faedis	1
http://scn.dbpedia.org/resource/Faedis	http://ia.dbpedia.org/resource/Faedis	1
http://scn.dbpedia.org/resource/Faedis	http://it.dbpedia.org/resource/Faedis	1
http://scn.dbpedia.org/resource/Faedis	http://ja.dbpedia.org/resource/ファエーディス	0
http://scn.dbpedia.org/resource/Faedis	http://kk.dbpedia.org/resource/Фаедис	0
http://scn.dbpedia.org/resource/Faedis	http://lmo.dbpedia.org/resource/Faedis	1
http://scn.dbpedia.org/resource/Faedis	http://ms.dbpedia.org/resource/Faedis	1
http://scn.dbpedia.org/resource/Faedis	http://nap.dbpedia.org/resource/Faedis	1
http://scn.dbpedia.org/resource/Faedis	http://nl.dbpedia.org/resource/Faedis	1
http://scn.dbpedia.org/resource/Faedis	http://pl.dbpedia.org/resource/Faedis	1
http://scn.dbpedia.org/resource/Faedis	http://pms.dbpedia.org/resource/Faedis	1
http://scn.dbpedia.org/resource/Faedis	http://pt.dbpedia.org/resource/Faedis	1
http://scn.dbpedia.org/resource/Faedis	http://ru.dbpedia.org/resource/Фаэдис	0
http://scn.dbpedia.org/resource/Faedis	http://uk.dbpedia.org/resource/Фаедіс	0
http://scn.dbpedia.org/resource/Faedis	http://uz.dbpedia.org/resource/Faedis	1
http://scn.dbpedia.org/resource/Faedis	http://vi.dbpedia.org/resource/Faedis	1
http://scn.dbpedia.org/resource/Faedis	http://vo.dbpedia.org/resource/Faedis	1
http://scn.dbpedia.org/resource/Faedis	http://war.dbpedia.org/resource/Faedis	1
http://scn.dbpedia.org/resource/Faedis	http://www.wikidata.org/entity/Q53256	1
http://scn.dbpedia.org/resource/Faedis	http://zh.dbpedia.org/resource/法埃迪斯	0
http://sr.dbpedia.org/resource/Faedis,_Udine	http://be.dbpedia.org/resource/Фаедзіс	0
http://sr.dbpedia.org/resource/Faedis,_Udine	http://bg.dbpedia.org/resource/Фаедис	0
http://sr.dbpedia.org/resource/Faedis,_Udine	http://ca.dbpedia.org/resource/Faedis	1
http://sr.dbpedia.org/resource/Faedis,_Udine	http://dbpedia.org/resource/Faedis	1
http://sr.dbpedia.org/resource/Faedis,_Udine	http://de.dbpedia.org/resource/Faedis	1
http://sr.dbpedia.org/resource/Faedis,_Udine	http://eo.dbpedia.org/resource/Faedis	1
http://sr.dbpedia.org/resource/Faedis,_Udine	http://es.dbpedia.org/resource/Faedis	1
http://sr.dbpedia.org/resource/Faedis,_Udine	http://fr.dbpedia.org/resource/Faedis	1
http://sr.dbpedia.org/resource/Faedis,_Udine	http://id.dbpedia.org/resource/Faedis	1
http://sr.dbpedia.org/resource/Faedis,_Udine	http://it.dbpedia.org/resource/Faedis	1
http://sr.dbpedia.org/resource/Faedis,_Udine	http://ja.dbpedia.org/resource/ファエーディス	0
http://sr.dbpedia.org/resource/Faedis,_Udine	http://nl.dbpedia.org/resource/Faedis	1
http://sr.dbpedia.org/resource/Faedis,_Udine	http://pl.dbpedia.org/resource/Faedis	1
http://sr.dbpedia.org/resource/Faedis,_Udine	http://pt.dbpedia.org/resource/Faedis	1
http://sr.dbpedia.org/resource/Faedis,_Udine	http://ru.dbpedia.org/resource/Фаэдис	0
http://sr.dbpedia.org/resource/Faedis,_Udine	http://uk.dbpedia.org/resource/Фаедіс	0
http://sr.dbpedia.org/resource/Faedis,_Udine	http://zh.dbpedia.org/resource/法埃迪斯	0
http://sws.geonames.org/3177305/	http://dbpedia.org/resource/Faedis	1
http://sws.geonames.org/6538366/	http://dbpedia.org/resource/Faedis	0
http://uk.dbpedia.org/resource/Фаедіс	http://be.dbpedia.org/resource/Фаедзіс	0
http://uk.dbpedia.org/resource/Фаедіс	http://bg.dbpedia.org/resource/Фаедис	0
http://uk.dbpedia.org/resource/Фаедіс	http://ca.dbpedia.org/resource/Faedis	0
http://uk.dbpedia.org/resource/Фаедіс	http://dbpedia.org/resource/Faedis	0
http://uk.dbpedia.org/resource/Фаедіс	http://de.dbpedia.org/resource/Faedis	0
http://uk.dbpedia.org/resource/Фаедіс	http://eo.dbpedia.org/resource/Faedis	0
http://uk.dbpedia.org/resource/Фаедіс	http://es.dbpedia.org/resource/Faedis	0
http://uk.dbpedia.org/resource/Фаедіс	http://fr.dbpedia.org/resource/Faedis	0
http://uk.dbpedia.org/resource/Фаедіс	http://ia.dbpedia.org/resource/Faedis	0
http://uk.dbpedia.org/resource/Фаедіс	http://id.dbpedia.org/resource/Faedis	0
http://uk.dbpedia.org/resource/Фаедіс	http://it.dbpedia.org/resource/Faedis	0
http://uk.dbpedia.org/resource/Фаедіс	http://ja.dbpedia.org/resource/ファエーディス	0
http://uk.dbpedia.org/resource/Фаедіс	http://kk.dbpedia.org/resource/Фаедис	0
http://uk.dbpedia.org/resource/Фаедіс	http://lmo.dbpedia.org/resource/Faedis	0
http://uk.dbpedia.org/resource/Фаедіс	http://ms.dbpedia.org/resource/Faedis	0
http://uk.dbpedia.org/resource/Фаедіс	http://nap.dbpedia.org/resource/Faedis	0
http://uk.dbpedia.org/resource/Фаедіс	http://nl.dbpedia.org/resource/Faedis	0
http://uk.dbpedia.org/resource/Фаедіс	http://pl.dbpedia.org/resource/Faedis	0
http://uk.dbpedia.org/resource/Фаедіс	http://pms.dbpedia.org/resource/Faedis	0
http://uk.dbpedia.org/resource/Фаедіс	http://pt.dbpedia.org/resource/Faedis	0
http://uk.dbpedia.org/resource/Фаедіс	http://rdf.freebase.com/ns/m.0gk8wl	0
http://uk.dbpedia.org/resource/Фаедіс	http://ru.dbpedia.org/resource/Фаедис	0
http://uk.dbpedia.org/resource/Фаедіс	http://ru.dbpedia.org/resource/Фаэдис	0
http://uk.dbpedia.org/resource/Фаедіс	http://scn.dbpedia.org/resource/Faedis	0
http://uk.dbpedia.org/resource/Фаедіс	http://sr.dbpedia.org/resource/Faedis,_Udine	0
http://uk.dbpedia.org/resource/Фаедіс	http://uk.dbpedia.org/resource/%D0%A4%D0%B0%D0%B5%D0%B4%D1%96%D1%81	0
http://uk.dbpedia.org/resource/Фаедіс	http://uz.dbpedia.org/resource/Faedis	0
http://uk.dbpedia.org/resource/Фаедіс	http://vi.dbpedia.org/resource/Faedis	0
http://uk.dbpedia.org/resource/Фаедіс	http://vo.dbpedia.org/resource/Faedis	0
http://uk.dbpedia.org/resource/Фаедіс	http://war.dbpedia.org/resource/Faedis	0
http://uk.dbpedia.org/resource/Фаедіс	http://www.wikidata.org/entity/Q53256	0
http://uk.dbpedia.org/resource/Фаедіс	http://zh.dbpedia.org/resource/法埃迪斯	0
http://uz.dbpedia.org/resource/Faedis	http://be.dbpedia.org/resource/Фаедзіс	0
http://uz.dbpedia.org/resource/Faedis	http://ca.dbpedia.org/resource/Faedis	1
http://uz.dbpedia.org/resource/Faedis	http://dbpedia.org/resource/Faedis	1
http://uz.dbpedia.org/resource/Faedis	http://de.dbpedia.org/resource/Faedis	1
http://uz.dbpedia.org/resource/Faedis	http://eo.dbpedia.org/resource/Faedis	1
http://uz.dbpedia.org/resource/Faedis	http://es.dbpedia.org/resource/Faedis	1
http://uz.dbpedia.org/resource/Faedis	http://fr.dbpedia.org/resource/Faedis	1
http://uz.dbpedia.org/resource/Faedis	http://ia.dbpedia.org/resource/Faedis	1
http://uz.dbpedia.org/resource/Faedis	http://it.dbpedia.org/resource/Faedis	1
http://uz.dbpedia.org/resource/Faedis	http://ja.dbpedia.org/resource/ファエーディス	0
http://uz.dbpedia.org/resource/Faedis	http://kk.dbpedia.org/resource/Фаедис	0
http://uz.dbpedia.org/resource/Faedis	http://lmo.dbpedia.org/resource/Faedis	1
http://uz.dbpedia.org/resource/Faedis	http://ms.dbpedia.org/resource/Faedis	1
http://uz.dbpedia.org/resource/Faedis	http://nap.dbpedia.org/resource/Faedis	1
http://uz.dbpedia.org/resource/Faedis	http://nl.dbpedia.org/resource/Faedis	1
http://uz.dbpedia.org/resource/Faedis	http://pl.dbpedia.org/resource/Faedis	1
http://uz.dbpedia.org/resource/Faedis	http://pms.dbpedia.org/resource/Faedis	1
http://uz.dbpedia.org/resource/Faedis	http://pt.dbpedia.org/resource/Faedis	1
http://uz.dbpedia.org/resource/Faedis	http://ru.dbpedia.org/resource/Фаэдис	0
http://uz.dbpedia.org/resource/Faedis	http://scn.dbpedia.org/resource/Faedis	1
http://uz.dbpedia.org/resource/Faedis	http://uk.dbpedia.org/resource/Фаедіс	0
http://uz.dbpedia.org/resource/Faedis	http://vi.dbpedia.org/resource/Faedis	1
http://uz.dbpedia.org/resource/Faedis	http://vo.dbpedia.org/resource/Faedis	1
http://uz.dbpedia.org/resource/Faedis	http://war.dbpedia.org/resource/Faedis	1
http://uz.dbpedia.org/resource/Faedis	http://www.wikidata.org/entity/Q53256	1
http://uz.dbpedia.org/resource/Faedis	http://zh.dbpedia.org/resource/法埃迪斯	0
http://vi.dbpedia.org/resource/Faedis	http://be.dbpedia.org/resource/Фаедзіс	0
http://vi.dbpedia.org/resource/Faedis	http://ca.dbpedia.org/resource/Faedis	2
http://vi.dbpedia.org/resource/Faedis	http://dbpedia.org/resource/Faedis	2
http://vi.dbpedia.org/resource/Faedis	http://de.dbpedia.org/resource/Faedis	2
http://vi.dbpedia.org/resource/Faedis	http://eo.dbpedia.org/resource/Faedis	2
http://vi.dbpedia.org/resource/Faedis	http://es.dbpedia.org/resource/Faedis	2
http://vi.dbpedia.org/resource/Faedis	http://fr.dbpedia.org/resource/Faedis	2
http://vi.dbpedia.org/resource/Faedis	http://ia.dbpedia.org/resource/Faedis	2
http://vi.dbpedia.org/resource/Faedis	http://it.dbpedia.org/resource/Faedis	2
http://vi.dbpedia.org/resource/Faedis	http://ja.dbpedia.org/resource/ファエーディス	0
http://vi.dbpedia.org/resource/Faedis	http://kk.dbpedia.org/resource/Фаедис	0
http://vi.dbpedia.org/resource/Faedis	http://lmo.dbpedia.org/resource/Faedis	2
http://vi.dbpedia.org/resource/Faedis	http://ms.dbpedia.org/resource/Faedis	1
http://vi.dbpedia.org/resource/Faedis	http://nap.dbpedia.org/resource/Faedis	2
http://vi.dbpedia.org/resource/Faedis	http://nl.dbpedia.org/resource/Faedis	2
http://vi.dbpedia.org/resource/Faedis	http://pl.dbpedia.org/resource/Faedis	2
http://vi.dbpedia.org/resource/Faedis	http://pms.dbpedia.org/resource/Faedis	2
http://vi.dbpedia.org/resource/Faedis	http://pt.dbpedia.org/resource/Faedis	2
http://vi.dbpedia.org/resource/Faedis	http://rdf.freebase.com/ns/m.0gk8wl	1
http://vi.dbpedia.org/resource/Faedis	http://ru.dbpedia.org/resource/Фаедис	0
http://vi.dbpedia.org/resource/Faedis	http://ru.dbpedia.org/resource/Фаэдис	0
http://vi.dbpedia.org/resource/Faedis	http://scn.dbpedia.org/resource/Faedis	1
http://vi.dbpedia.org/resource/Faedis	http://uk.dbpedia.org/resource/Фаедіс	0
http://vi.dbpedia.org/resource/Faedis	http://uz.dbpedia.org/resource/Faedis	1
http://vi.dbpedia.org/resource/Faedis	http://vo.dbpedia.org/resource/Faedis	2
http://vi.dbpedia.org/resource/Faedis	http://war.dbpedia.org/resource/Faedis	2
http://vi.dbpedia.org/resource/Faedis	http://www.wikidata.org/entity/Q53256	1
http://vi.dbpedia.org/resource/Faedis	http://zh.dbpedia.org/resource/法埃迪斯	0
http://vo.dbpedia.org/resource/Faedis	http://be.dbpedia.org/resource/Фаедзіс	0
http://vo.dbpedia.org/resource/Faedis	http://ca.dbpedia.org/resource/Faedis	2
http://vo.dbpedia.org/resource/Faedis	http://dbpedia.org/resource/Faedis	2
http://vo.dbpedia.org/resource/Faedis	http://de.dbpedia.org/resource/Faedis	2
http://vo.dbpedia.org/resource/Faedis	http://eo.dbpedia.org/resource/Faedis	2
http://vo.dbpedia.org/resource/Faedis	http://es.dbpedia.org/resource/Faedis	2
http://vo.dbpedia.org/resource/Faedis	http://fr.dbpedia.org/resource/Faedis	2
http://vo.dbpedia.org/resource/Faedis	http://ia.dbpedia.org/resource/Faedis	2
http://vo.dbpedia.org/resource/Faedis	http://it.dbpedia.org/resource/Faedis	2
http://vo.dbpedia.org/resource/Faedis	http://ja.dbpedia.org/resource/ファエーディス	0
http://vo.dbpedia.org/resource/Faedis	http://kk.dbpedia.org/resource/Фаедис	0
http://vo.dbpedia.org/resource/Faedis	http://lmo.dbpedia.org/resource/Faedis	2
http://vo.dbpedia.org/resource/Faedis	http://ms.dbpedia.org/resource/Faedis	1
http://vo.dbpedia.org/resource/Faedis	http://nap.dbpedia.org/resource/Faedis	2
http://vo.dbpedia.org/resource/Faedis	http://nl.dbpedia.org/resource/Faedis	2
http://vo.dbpedia.org/resource/Faedis	http://pl.dbpedia.org/resource/Faedis	2
http://vo.dbpedia.org/resource/Faedis	http://pms.dbpedia.org/resource/Faedis	2
http://vo.dbpedia.org/resource/Faedis	http://pt.dbpedia.org/resource/Faedis	2
http://vo.dbpedia.org/resource/Faedis	http://ru.dbpedia.org/resource/Фаедис	0
http://vo.dbpedia.org/resource/Faedis	http://ru.dbpedia.org/resource/Фаэдис	0
http://vo.dbpedia.org/resource/Faedis	http://scn.dbpedia.org/resource/Faedis	1
http://vo.dbpedia.org/resource/Faedis	http://uk.dbpedia.org/resource/Фаедіс	0
http://vo.dbpedia.org/resource/Faedis	http://uz.dbpedia.org/resource/Faedis	1
http://vo.dbpedia.org/resource/Faedis	http://vi.dbpedia.org/resource/Faedis	2
http://vo.dbpedia.org/resource/Faedis	http://war.dbpedia.org/resource/Faedis	2
http://vo.dbpedia.org/resource/Faedis	http://www.wikidata.org/entity/Q53256	1
http://vo.dbpedia.org/resource/Faedis	http://zh.dbpedia.org/resource/法埃迪斯	0
http://war.dbpedia.org/resource/Faedis	http://be.dbpedia.org/resource/Фаедзіс	0
http://war.dbpedia.org/resource/Faedis	http://ca.dbpedia.org/resource/Faedis	2
http://war.dbpedia.org/resource/Faedis	http://dbpedia.org/resource/Faedis	2
http://war.dbpedia.org/resource/Faedis	http://de.dbpedia.org/resource/Faedis	2
http://war.dbpedia.org/resource/Faedis	http://eo.dbpedia.org/resource/Faedis	2
http://war.dbpedia.org/resource/Faedis	http://es.dbpedia.org/resource/Faedis	2
http://war.dbpedia.org/resource/Faedis	http://fr.dbpedia.org/resource/Faedis	2
http://war.dbpedia.org/resource/Faedis	http://ia.dbpedia.org/resource/Faedis	2
http://war.dbpedia.org/resource/Faedis	http://it.dbpedia.org/resource/Faedis	2
http://war.dbpedia.org/resource/Faedis	http://ja.dbpedia.org/resource/ファエーディス	0
http://war.dbpedia.org/resource/Faedis	http://kk.dbpedia.org/resource/Фаедис	0
http://war.dbpedia.org/resource/Faedis	http://lmo.dbpedia.org/resource/Faedis	2
http://war.dbpedia.org/resource/Faedis	http://ms.dbpedia.org/resource/Faedis	1
http://war.dbpedia.org/resource/Faedis	http://nap.dbpedia.org/resource/Faedis	2
http://war.dbpedia.org/resource/Faedis	http://nl.dbpedia.org/resource/Faedis	2
http://war.dbpedia.org/resource/Faedis	http://pl.dbpedia.org/resource/Faedis	2
http://war.dbpedia.org/resource/Faedis	http://pms.dbpedia.org/resource/Faedis	2
http://war.dbpedia.org/resource/Faedis	http://pt.dbpedia.org/resource/Faedis	2
http://war.dbpedia.org/resource/Faedis	http://ru.dbpedia.org/resource/Фаедис	0
http://war.dbpedia.org/resource/Faedis	http://ru.dbpedia.org/resource/Фаэдис	0
http://war.dbpedia.org/resource/Faedis	http://scn.dbpedia.org/resource/Faedis	1
http://war.dbpedia.org/resource/Faedis	http://uk.dbpedia.org/resource/Фаедіс	0
http://war.dbpedia.org/resource/Faedis	http://uz.dbpedia.org/resource/Faedis	1
http://war.dbpedia.org/resource/Faedis	http://vi.dbpedia.org/resource/Faedis	2
http://war.dbpedia.org/resource/Faedis	http://vo.dbpedia.org/resource/Faedis	2
http://war.dbpedia.org/resource/Faedis	http://www.wikidata.org/entity/Q53256	1
http://war.dbpedia.org/resource/Faedis	http://zh.dbpedia.org/resource/法埃迪斯	0
http://www.wikidata.org/entity/Q53256	http://be.dbpedia.org/resource/Фаедзіс	0
http://www.wikidata.org/entity/Q53256	http://ca.dbpedia.org/resource/Faedis	1
http://www.wikidata.org/entity/Q53256	http://dbpedia.org/resource/Faedis	2
http://www.wikidata.org/entity/Q53256	http://de.dbpedia.org/resource/Faedis	2
http://www.wikidata.org/entity/Q53256	http://eo.dbpedia.org/resource/Faedis	1
http://www.wikidata.org/entity/Q53256	http://es.dbpedia.org/resource/Faedis	2
http://www.wikidata.org/entity/Q53256	http://fr.dbpedia.org/resource/Faedis	2
http://www.wikidata.org/entity/Q53256	http://ia.dbpedia.org/resource/Faedis	1
http://www.wikidata.org/entity/Q53256	http://it.dbpedia.org/resource/Faedis	2
http://www.wikidata.org/entity/Q53256	http://ja.dbpedia.org/resource/ファエーディス	0
http://www.wikidata.org/entity/Q53256	http://kk.dbpedia.org/resource/Фаедис	0
http://www.wikidata.org/entity/Q53256	http://lmo.dbpedia.org/resource/Faedis	1
http://www.wikidata.org/entity/Q53256	http://ms.dbpedia.org/resource/Faedis	1
http://www.wikidata.org/entity/Q53256	http://nap.dbpedia.org/resource/Faedis	1
http://www.wikidata.org/entity/Q53256	http://nl.dbpedia.org/resource/Faedis	2
http://www.wikidata.org/entity/Q53256	http://pl.dbpedia.org/resource/Faedis	2
http://www.wikidata.org/entity/Q53256	http://pms.dbpedia.org/resource/Faedis	1
http://www.wikidata.org/entity/Q53256	http://pt.dbpedia.org/resource/Faedis	2
http://www.wikidata.org/entity/Q53256	http://ru.dbpedia.org/resource/Фаэдис	0
http://www.wikidata.org/entity/Q53256	http://scn.dbpedia.org/resource/Faedis	1
http://www.wikidata.org/entity/Q53256	http://uk.dbpedia.org/resource/Фаедіс	0
http://www.wikidata.org/entity/Q53256	http://uz.dbpedia.org/resource/Faedis	1
http://www.wikidata.org/entity/Q53256	http://vi.dbpedia.org/resource/Faedis	1
http://www.wikidata.org/entity/Q53256	http://vo.dbpedia.org/resource/Faedis	1
http://www.wikidata.org/entity/Q53256	http://war.dbpedia.org/resource/Faedis	1
http://www.wikidata.org/entity/Q53256	http://zh.dbpedia.org/resource/法埃迪斯	0
http://www4.wiwiss.fu-berlin.de/flickrwrappr/photos/Faedis	http://dbpedia.org/resource/Faedis	0
http://zh.dbpedia.org/resource/法埃迪斯	http://be.dbpedia.org/resource/Фаедзіс	0
http://zh.dbpedia.org/resource/法埃迪斯	http://bg.dbpedia.org/resource/Фаедис	0
http://zh.dbpedia.org/resource/法埃迪斯	http://ca.dbpedia.org/resource/Faedis	0
http://zh.dbpedia.org/resource/法埃迪斯	http://dbpedia.org/resource/Faedis	0
http://zh.dbpedia.org/resource/法埃迪斯	http://de.dbpedia.org/resource/Faedis	0
http://zh.dbpedia.org/resource/法埃迪斯	http://eo.dbpedia.org/resource/Faedis	0
http://zh.dbpedia.org/resource/法埃迪斯	http://es.dbpedia.org/resource/Faedis	0
http://zh.dbpedia.org/resource/法埃迪斯	http://fr.dbpedia.org/resource/Faedis	0
http://zh.dbpedia.org/resource/法埃迪斯	http://ia.dbpedia.org/resource/Faedis	0
http://zh.dbpedia.org/resource/法埃迪斯	http://id.dbpedia.org/resource/Faedis	0
http://zh.dbpedia.org/resource/法埃迪斯	http://it.dbpedia.org/resource/Faedis	0
http://zh.dbpedia.org/resource/法埃迪斯	http://ja.dbpedia.org/resource/ファエーディス	0
http://zh.dbpedia.org/resource/法埃迪斯	http://kk.dbpedia.org/resource/Фаедис	0
http://zh.dbpedia.org/resource/法埃迪斯	http://lmo.dbpedia.org/resource/Faedis	0
http://zh.dbpedia.org/resource/法埃迪斯	http://ms.dbpedia.org/resource/Faedis	0
http://zh.dbpedia.org/resource/法埃迪斯	http://nap.dbpedia.org/resource/Faedis	0
http://zh.dbpedia.org/resource/法埃迪斯	http://nl.dbpedia.org/resource/Faedis	0
http://zh.dbpedia.org/resource/法埃迪斯	http://pl.dbpedia.org/resource/Faedis	0
http://zh.dbpedia.org/resource/法埃迪斯	http://pms.dbpedia.org/resource/Faedis	0
http://zh.dbpedia.org/resource/法埃迪斯	http://pt.dbpedia.org/resource/Faedis	0
http://zh.dbpedia.org/resource/法埃迪斯	http://ru.dbpedia.org/resource/Фаэдис	0
http://zh.dbpedia.org/resource/法埃迪斯	http://scn.dbpedia.org/resource/Faedis	0
http://zh.dbpedia.org/resource/法埃迪斯	http://sr.dbpedia.org/resource/Faedis,_Udine	0
http://zh.dbpedia.org/resource/法埃迪斯	http://uk.dbpedia.org/resource/Фаедіс	0
http://zh.dbpedia.org/resource/法埃迪斯	http://uz.dbpedia.org/resource/Faedis	0
http://zh.dbpedia.org/resource/法埃迪斯	http://vi.dbpedia.org/resource/Faedis	0
http://zh.dbpedia.org/resource/法埃迪斯	http://vo.dbpedia.org/resource/Faedis	0
http://zh.dbpedia.org/resource/法埃迪斯	http://war.dbpedia.org/resource/Faedis	0
http://zh.dbpedia.org/resource/法埃迪斯	http://www.wikidata.org/entity/Q53256	0
http://zh.dbpedia.org/resource/法埃迪斯	http://zh.dbpedia.org/resource/%E6%B3%95%E5%9F%83%E8%BF%AA%E6%96%AF	0
